{"stats":{"minecraft:killed":{"minecraft:skeleton":2,"minecraft:zombie":3,"minecraft:creeper":2},"minecraft:dropped":{"minecraft:rotten_flesh":2,"minecraft:dirt":1,"tombstone:grave_key":1},"minecraft:mined":{"minecraft:grass":12,"minecraft:grass_block":3,"minecraft:oak_log":3,"minecraft:dirt":2,"minecraft:tall_grass":1,"minecraft:oak_leaves":4},"minecraft:used":{"minecraft:dirt":16,"minecraft:grass_block":78,"tombstone:gift":2,"minecraft:zombie_spawn_egg":1,"minecraft:oak_log":1},"minecraft:custom":{"minecraft:damage_taken":510,"minecraft:play_one_minute":13058,"minecraft:time_since_rest":4469,"minecraft:walk_one_cm":32570,"minecraft:sprint_one_cm":15701,"tombstone:undead_killed":5,"minecraft:deaths":4,"minecraft:sneak_time":117,"minecraft:mob_kills":7,"minecraft:drop":4,"minecraft:jump":212,"minecraft:damage_dealt":1366,"minecraft:leave_game":7,"minecraft:time_since_death":4908,"minecraft:open_chest":13,"minecraft:fall_one_cm":2216,"minecraft:fly_one_cm":189557,"minecraft:crouch_one_cm":57},"minecraft:killed_by":{"minecraft:zombie":2},"minecraft:picked_up":{"minecraft:arrow":3,"minecraft:bone":1,"minecraft:rotten_flesh":2,"minecraft:oak_log":3,"tombstone:grave_dust":1,"minecraft:gunpowder":2,"minecraft:dirt":6}},"DataVersion":2586}